probe,t,T,RH,p,wind,w,qc,rainrate
1,21.60,21.592,53.48,-0.020,0.328,0.114,0.0000,0.0000
1,25.60,21.650,53.37,-0.020,0.313,0.103,0.0000,0.0000
1,29.60,21.702,53.22,-0.020,0.302,0.096,0.0000,0.0000
1,33.60,21.746,53.08,-0.021,0.299,0.093,0.0000,0.0000
1,37.60,21.777,53.12,-0.021,0.301,0.090,0.0000,0.0000
1,41.60,21.799,53.32,-0.021,0.304,0.087,0.0000,0.0000
1,45.60,21.822,53.53,-0.022,0.301,0.086,0.0000,0.0000
1,49.60,21.857,53.70,-0.022,0.288,0.088,0.0000,0.0000
1,53.60,21.904,53.80,-0.022,0.267,0.094,0.0000,0.0000
1,57.60,21.957,53.83,-0.023,0.243,0.103,0.0000,0.0000
1,59.20,21.978,53.83,-0.023,0.235,0.107,0.0000,0.0000
1,60.80,21.999,53.81,-0.023,0.226,0.110,0.0000,0.0000
1,65.60,22.055,53.68,-0.023,0.206,0.121,0.0000,0.0000
1,70.40,22.103,53.50,-0.024,0.193,0.129,0.0000,0.0000
1,75.20,22.142,53.40,-0.026,0.183,0.137,0.0000,0.0000
1,80.00,22.176,53.42,-0.028,0.173,0.177,0.0000,0.0000
1,84.80,22.206,53.51,-0.030,0.163,0.236,0.0001,0.0000
1,89.60,22.233,53.64,-0.032,0.153,0.265,0.0272,0.0000
1,94.40,22.258,53.78,-0.032,0.143,0.256,0.1104,0.0000
1,100.80,22.285,53.92,-0.032,0.132,0.261,0.1417,0.0000
1,107.20,22.305,53.99,-0.032,0.126,0.252,0.0486,0.0000
1,113.60,22.320,54.07,-0.031,0.123,0.252,0.0006,0.0000
1,120.00,22.334,54.13,-0.029,0.121,0.235,0.0000,0.0000
