time,tick,population,gatherer,predator,decomposer,species,diversity,births,deaths,totalBirths,totalDeaths,avgEnergy,energy,biomass,avgAge,generation,resources,moisture,speed,vision,size
0,0,196,150,18,28,6,1.3951204518237532,0,0,0,0,86.50784037141865,16955.536712798057,3860.2607716808648,10.014158270668657,0,4846.609174996281,0.5619667717510105,36.442051694335525,143.81115179633176,6.596543279429352
2,20,192,146,18,28,6,1.4040348246968246,0,4,0,4,99.66395937574943,19135.48020014389,4203.727398407259,12.01068324013128,0,4342.903471034092,0.6096541657037226,36.403796552286074,143.74754375584615,6.60469204676614
4,40,194,148,18,28,6,1.3995835125916978,6,4,6,8,106.98070803359741,20754.257358517898,4482.994591624624,13.523929407894999,1,3932.8135372699826,0.6095960397063411,36.40542713677505,143.80056265182347,6.597626923571544
6,60,223,175,20,28,6,1.3595388867741107,33,4,39,12,96.75792891525465,21577.018148101786,4777.694566477888,13.362352779479245,1,3608.8031481414823,0.6094992157638796,36.407644542512806,144.06318926511636,6.622897282105333
8,80,255,197,22,36,6,1.3802005537879818,38,6,77,18,86.50801109665707,22059.542829647555,5023.09448258421,13.261369111816979,1,3285.6405903035597,0.6093637729109175,36.433162818284956,144.2410771933519,6.6005098577268875
10,100,317,253,24,40,6,1.32941349094685,66,4,143,22,71.96375229832005,22812.509478567456,5472.505698043702,12.348838600981708,1,2871.1679456672205,0.609189821705522,36.53737879040828,144.30615490926243,6.586832748222099
12,120,314,246,26,42,6,1.3594912181117074,6,9,149,31,78.54339968128654,24662.627499923976,5767.682606645985,14.084342686689011,1,2410.9954598496115,0.6089775041390245,36.53609004790656,144.46527816279362,6.597311663980831
14,140,312,240,29,43,6,1.3881574419063316,4,6,153,37,83.78398191335727,26140.60235696747,6006.587765584528,16.0488222915381,1,2109.5881230300934,0.6087269935200905,36.654400769252234,144.77221903933042,6.609858598116823
16,160,311,235,29,47,6,1.4093400997496597,5,6,158,43,87.9637622569947,27356.73006192535,6200.143109856357,17.821929599794558,2,1861.6331495218972,0.608438494333277,36.58242172789935,144.7665489977058,6.594405544756678
18,180,315,233,32,50,6,1.438189032735496,14,10,172,53,88.81763789621009,27977.555937306177,6328.529271254204,18.806220466735294,2,1641.8439393606527,0.6081122420721037,36.682066719072495,145.07425197881955,6.60953683215544
20,200,320,237,32,51,6,1.4355359413749973,10,5,182,58,89.18609771104698,28539.551267535033,6450.748670094538,20.166692431714104,2,1500.8851551551468,0.6077485030468291,36.66565789011462,145.0112014213785,6.617799969422009
22,220,324,239,33,52,6,1.4397879434135203,12,8,194,66,88.99097961845737,28833.07739638019,6518.975242173639,21.55751510490671,2,1401.8691260873545,0.6073475741670721,36.73759346526909,145.17192508393018,6.610580026145584
24,240,326,241,33,52,6,1.4364363848551882,9,7,203,73,89.04614843315213,29029.044389207593,6561.557145596869,22.721854226634086,2,1275.8428779249593,0.6069097826994477,36.756871517711346,145.1266199933355,6.608063959850189
26,260,323,236,34,53,6,1.4490332002596205,3,6,206,79,91.6433072426002,29600.788239359863,6640.533410997433,24.656422532144628,2,1173.8514473641833,0.6064354860004376,36.84022152790042,145.44833724898126,6.606303035748673
28,280,319,230,35,54,6,1.4610094270613643,5,9,211,88,93.40492555656962,29796.171252545708,6651.328422049584,26.27344252344722,2,1084.9684476974564,0.6059250712246811,36.980698660676865,145.80209638731424,6.603839655010347
30,300,312,221,37,54,6,1.4746387974840416,5,12,216,100,94.89175618983434,29606.227931228314,6582.292850581845,27.87084299448877,2,1031.8976751366592,0.6053789550089579,37.13240104786214,146.4613399257699,6.602249714384852
32,320,312,219,38,55,6,1.4813392923588,7,7,223,107,95.64225334766836,29840.383044472528,6621.064890144998,29.272334720605205,3,992.354741940116,0.6047975831320962,37.150492247415464,146.7556589496693,6.601232836803854
34,340,322,224,40,58,6,1.491909917652026,18,8,241,115,91.96529913776254,29612.82632235954,6636.052140817256,29.649473944710888,3,994.7774801343332,0.604181430151099,37.134313810646944,146.69495236986796,6.60163465485509
36,360,336,230,43,63,6,1.508562136553013,27,13,268,128,85.5676305114185,28750.723851836614,6569.192116652076,28.959335664902717,3,985.3567748949376,0.6035309990137786,37.08009142231711,146.59329298369786,6.612369077427974
38,380,341,231,45,65,6,1.515963166111606,21,16,289,144,83.1253935038519,28345.759184813498,6526.782469686232,29.132525696436826,3,920.527453185812,0.6028468206482096,37.18001199323443,146.7755824214852,6.607365367365514
40,400,367,241,51,75,6,1.5408550736643616,37,11,326,155,76.85605179915304,28206.171010289163,6642.105181726539,28.13891980371095,3,852.5003758486516,0.6021294535293475,37.29837101359966,147.1976911382694,6.6112965940452035
42,420,368,231,55,82,6,1.5715662013685032,15,14,341,169,76.52551029223824,28161.38778754367,6643.010756414865,28.971511273015913,3,815.0352756271762,0.6013794832231697,37.32081327125812,147.38644851403507,6.62175993599723
44,440,368,222,60,86,6,1.6008366122045672,11,11,352,180,77.58192558591927,28550.14861561829,6713.768623467102,30.161767631423686,3,752.4620854752797,0.6005975219086865,37.37974877433529,147.65349593479598,6.64201943228277
46,460,368,214,61,93,6,1.62001325903974,12,12,364,192,78.6445306011611,28941.187261227282,6776.487530469985,31.093035894604732,3,674.418873546007,0.5997842078782416,37.26849300829361,147.3882313316909,6.633683153075524
48,480,359,198,65,96,6,1.6416925198008037,9,18,373,210,80.22836495512888,28801.983018891267,6711.884150157839,32.298254066071415,3,615.2417737416748,0.598939836690037,37.376927053277164,147.74632410387542,6.655827461731539
50,500,358,193,67,98,6,1.645286803623387,10,11,383,221,80.85617490526387,28946.510616084466,6733.701594385581,33.37343518833017,3,578.4430021756798,0.5980649553495893,37.47679083165818,148.2217473285922,6.666491474760862
52,520,360,188,70,102,6,1.6609529591898868,13,11,396,232,80.42430922140043,28952.751319704155,6750.584567795412,34.11065981748075,3,571.2744922164288,0.5971600208872783,37.500490076419254,148.2308858735244,6.684465328164514
54,540,356,179,73,104,6,1.6770531764604182,7,11,403,243,81.15326934609443,28890.563887209617,6723.511076930502,35.097661164137946,3,555.4478308705029,0.5962256594837195,37.553605551834295,148.41648230339692,6.7009027237672205
56,560,355,172,77,106,6,1.6919045522902416,8,9,411,252,81.49372032246126,28930.270714473747,6729.524852901904,35.97235165386997,3,533.1846987334161,0.5952625800969298,37.68887355770236,148.60053045980283,6.717651644916473
58,580,346,160,79,107,6,1.705729854164125,7,16,418,268,83.48149045673989,28884.595698032004,6678.791161554035,36.68649804864877,3,510.7334233746332,0.5942723861649988,37.77859595551679,148.82953815903798,6.736603607473629
60,600,344,152,82,110,6,1.7166027001361719,6,8,424,276,85.2052094512031,29310.592051213865,6745.0396563764125,38.04779545343233,3,496.28610465975083,0.5932558978118794,37.780413590365065,149.0169234070395,6.75850647228961
62,620,341,142,85,114,6,1.7228076874289129,10,13,434,289,84.67062094789078,28872.681743230758,6659.885971460536,38.846294626267145,3,496.7120744780496,0.5922133821845782,37.82983310663319,149.13399004485257,6.773359045413285
64,640,339,129,90,120,6,1.721897132679801,12,14,446,303,85.06773075536171,28837.96072606762,6648.159508544356,39.63534466471804,3,500.90939541506356,0.5911458558218848,37.88211593036976,149.45512364062049,6.791418587265543
66,660,341,122,94,125,6,1.734910203193678,10,8,456,311,84.25631045340278,28731.401864610347,6649.668950487861,39.89943925546897,3,498.9076376395656,0.5900545645397843,37.8218050613204,149.08556337669293,6.8222213088446
68,680,338,113,96,129,6,1.725368978044276,11,14,467,325,85.07790439776953,28756.3316864461,6639.743795880026,40.91452303584293,4,489.65007054977815,0.5889403991277031,37.824371250077334,149.22471517951487,6.8307021011057945
70,700,345,106,101,138,6,1.7251255348165246,14,7,481,332,83.36850774991947,28762.135173722218,6681.572144539448,41.269300829318574,4,492.55822091674656,0.5878042690465521,37.775694545525674,149.26243849843976,6.840155612025655
72,720,348,96,108,144,6,1.6988416409250107,14,11,495,343,81.65747395971093,28416.800937979402,6645.7332508793315,41.45615952034258,4,493.800618976451,0.5866468756850596,37.99183572474987,150.14273052384738,6.859194544598081
74,740,353,87,117,149,6,1.6995981860542833,15,10,510,353,79.40961432794633,28031.593857765052,6619.784742491546,41.30825572410878,4,506.2188905463173,0.5854685578720903,38.132237633811485,150.50622139481882,6.897494450651691
76,760,354,78,122,154,6,1.6957818102101518,10,9,520,362,78.60651867755013,27826.707611852748,6597.7920619082815,41.749508892879035,4,509.45731548596757,0.5842710911161513,38.14121343795165,150.4019683421922,6.920930296373005
78,780,356,71,127,158,6,1.6726219460891552,11,9,531,371,77.88071803025672,27725.53561877139,6597.282573460593,42.0598055446181,4,517.8527535148362,0.5830554528746306,38.28687869366553,150.68853768626715,6.939466187963579
80,800,353,60,130,163,6,1.6467695333772183,8,11,539,382,78.2663206061095,27628.011173956653,6567.924236360644,42.49108125666745,4,534.551616702643,0.5818226354377686,38.32168629176296,150.7984706183292,6.952038623823882
82,820,351,49,135,167,6,1.634820574743339,10,12,549,394,78.13999096358623,27427.136828218765,6534.056472840814,43.166486229140446,4,554.6928610453733,0.5805736451186899,38.35347586856766,150.58766018864932,6.990267099255788
84,840,354,44,141,169,6,1.6201531389700912,8,5,557,399,77.8496077851388,27558.761155939133,6582.7334498351465,43.75726806364982,4,560.8264207601874,0.5793086102483731,38.56205581140085,150.94015101128372,7.025447000395356
86,860,351,37,143,171,6,1.5910920617270032,5,8,562,407,77.61137443365273,27241.592426212108,6517.699565317556,45.015307391829126,4,566.1567592718591,0.5780291976225737,38.655921700350916,151.11339767746927,7.042144447823627
88,880,352,31,147,174,5,1.555201566227046,7,6,569,413,77.04430581668993,27119.595647474853,6506.890464898508,45.35347320204327,4,568.8886889093291,0.5767366951840075,38.725480912953955,151.25552165989714,7.055958298956068
90,900,358,26,156,176,5,1.5405541971469572,11,5,580,418,74.98750613912095,26845.5271978053,6508.922718596381,45.5220055280554,4,578.7951052881726,0.5754321579649353,38.924289855483714,151.76325616298578,7.104288357642548
92,920,361,24,158,179,5,1.5323392748189306,5,2,585,420,74.78923443479785,26998.913630962023,6552.721791893787,46.78968969264224,4,594.876956405096,0.5741161608780758,38.89498697827225,151.66182255986388,7.108389381579362
94,940,363,19,160,184,5,1.5121441212658784,7,5,592,425,73.72117348389382,26760.785974653456,6526.847998229821,47.61652146007437,4,610.2684850864358,0.5727894596745909,38.84107438419335,151.42347010266613,7.116794085586219
96,960,366,18,162,186,5,1.5066626613342975,4,1,596,426,72.93762195317254,26695.169634861148,6534.073912659841,49.072123743188506,4,620.1521603583717,0.5714528489753858,38.88318691895442,151.56512902921568,7.120488297528379
98,980,368,14,165,189,5,1.4881081718634888,6,4,602,430,71.51898675149631,26318.987124550644,6486.383484409177,49.93412109076885,4,632.6154971163262,0.5701084992764263,38.88264272318787,151.60718253645462,7.132763689936843
100,1000,368,8,169,191,5,1.4539518430872924,6,6,608,436,71.64231354219488,26364.371383527716,6500.511148122072,51.0996102212036,4,645.5669047877614,0.5687575079313882,38.95105949479244,151.65234630690375,7.155058596696513
102,1020,369,5,172,192,5,1.4318411995020799,4,3,612,439,71.14460143865902,26252.35793086518,6491.281267331387,52.27792605453464,4,666.6551983859781,0.5674009777153255,39.06398396057673,151.83261955395324,7.1676432210496275
104,1040,372,1,175,196,5,1.3920694321670712,7,4,619,443,69.83240714056171,25977.655456288958,6465.383353257694,52.99584600570769,4,684.8852892157847,0.5660396324366715,39.08752482331972,151.92564234603094,7.176660317684368
106,1060,375,1,176,198,5,1.3925557151792367,3,0,622,443,68.92147552406396,25845.55332152399,6459.198262039222,54.56521257099533,5,706.5715954463061,0.5646741286038662,39.0675881109993,151.8544121520129,7.172020139284061
108,1080,380,0,179,201,4,1.3761738490146451,6,1,628,444,67.61596412108766,25694.06636601331,6461.889779343088,55.77751240558744,5,731.7260222570196,0.5633064157582925,39.12666619050599,152.07472875717448,7.169557187524758
110,1100,385,0,182,203,4,1.3775781288287474,5,0,633,444,66.2381381297622,25501.683179958447,6460.274182795165,57.03910315356686,5,764.1679910581713,0.5619364240106169,39.11986443576343,151.99831931593505,7.1753040675392565
112,1120,387,0,182,205,4,1.37662772243459,2,0,635,444,65.09806043349516,25192.94938776263,6418.275961692781,58.74096825354844,5,804.7069251620069,0.5605651946805481,39.07869290993309,151.94264176025825,7.168769585698799
114,1140,390,0,183,207,4,1.3755985224500482,3,0,638,444,63.79186532744122,24878.827477702078,6382.292280291284,60.28065311313651,5,845.4896808846613,0.559195109417199,39.08006404999303,151.94936571916455,7.166093057716695
116,1160,392,0,184,208,4,1.3758649228108386,2,0,640,444,62.69522730118236,24576.529102063487,6344.105869879667,61.967741617661304,5,891.3207773191137,0.5578272865814311,39.07839167313573,151.9435197472791,7.168423744267891
118,1180,394,0,184,210,4,1.376419888709979,2,0,642,444,61.58292141665941,24263.671038163808,6301.883784046262,63.64633176173408,5,942.9648561081901,0.5564628426873628,39.01209113419377,151.78085124394332,7.163510821760646
120,1200,399,0,186,213,4,1.3761428188740121,5,0,647,444,59.84447138854938,23877.9440840312,6265.218558007412,64.83522484742659,5,1002.0168037186687,0.5551028914909716,39.017961247769264,151.8024238908762,7.160279482045329
122,1220,401,0,187,214,4,1.3761073760334688,2,0,649,444,58.73975233957094,23554.640688167947,6223.034711197282,66.50587210504534,5,1062.104211301514,0.5537485430809842,39.02333882758092,151.8729218025502,7.161038850278342
124,1240,401,0,187,214,4,1.3756257971461414,1,1,650,445,57.971978894788045,23246.763536810005,6171.279973620721,68.3981414317286,5,1126.1225556435452,0.5524009029727278,39.03679213696728,151.93884918837,7.159661421921415
126,1260,401,0,186,215,4,1.374649742860614,1,1,651,446,57.305426717338364,22979.476113652683,6124.455218312461,70.29265514743929,5,1197.7304736796245,0.5510610712057432,38.99127813883542,151.89009336915194,7.1525640046872665
128,1280,401,0,185,216,4,1.3743915338231338,3,3,654,449,56.58171048337269,22689.26590383245,6073.674037510505,71.91460028459632,5,1269.0647494448249,0.549730141445843,38.94584234376978,151.7809323807793,7.145042768719134
130,1300,400,0,184,216,4,1.3744203759724802,0,1,654,450,56.07486251682195,22429.94500672878,6024.146399639278,73.99088678530777,5,1349.668743658172,0.5484092000923979,38.912032216498616,151.69532936603295,7.143194474534853
132,1320,400,0,181,219,4,1.3737737300493704,3,3,657,453,55.43213438765377,22172.853755061507,5975.869014575865,75.58788678530769,5,1426.6710578979182,0.5470993253915216,38.744645268268606,151.31245962988854,7.1262293397883765
134,1340,401,0,179,222,4,1.3722430716468998,3,2,660,455,54.54812024774644,21873.79621934632,5927.280492640274,77.14402671851131,5,1502.63108260049,0.5458015865559503,38.63114447453668,150.99248123235733,7.112368420872446
136,1360,400,0,177,223,4,1.3709861177620493,1,2,661,457,54.12679305426929,21650.717221707717,5881.1666019433715,79.07013678530753,5,1577.3495617760093,0.5445170428922581,38.58413168406189,150.92796426811924,7.1022304114336245
138,1380,402,0,177,225,4,1.3698078684302453,2,0,663,457,53.320297671572256,21434.759663972047,5854.395097687602,80.66879282120144,5,1641.9878230228876,0.5432467429361842,38.56067436204742,150.91261474353672,7.095569507749575
140,1400,399,0,173,226,4,1.3681324764757237,1,4,664,461,53.34413902324258,21284.31147027379,5807.753585997874,82.76329502286447,5,1704.3063036748827,0.5419917235967483,38.40857885048897,150.5392687223456,7.081354451604758
142,1420,396,0,169,227,4,1.3670055185991559,1,4,665,465,53.654494476690346,21247.179812769376,5780.38831773366,84.83902705586591,5,1759.292092680151,0.5407530093098363,38.23431325213634,150.1610983060004,7.068155562727584
144,1440,394,0,166,228,4,1.3651177002781414,1,3,666,468,53.69648672375475,21156.415769159372,5749.963321514399,86.86257541655556,5,1814.3384386399134,0.5395316112020014,38.119972857727795,149.91772777328694,7.055501353599314
146,1460,389,0,160,229,4,1.3607015526733468,1,6,667,474,54.253151915275,21104.476095041973,5704.687859935812,89.20965222139559,5,1875.2071614265312,0.5383285262650956,37.92138598366655,149.60219881855141,7.0285192076761405
148,1480,393,0,158,235,4,1.357952722122734,6,2,673,476,53.120571585451295,20876.384633082358,5681.8170922721465,90.05586441252628,5,1940.809647699984,0.5371447365424641,37.688283869088664,149.0912425250496,7.005151569418225
150,1500,394,0,157,237,4,1.3568084656225654,2,1,675,477,52.79255510066207,20800.266709660857,5672.089256836231,91.57145866528627,5,1984.7739686950404,0.5359812083273265,37.6030372106872,148.8749861969874,6.9967580538052525
152,1520,392,0,154,238,4,1.3545581737554786,1,3,676,480,52.95944904841505,20760.1040269787,5649.453473166745,93.66697631153764,5,2021.856941314264,0.5348388913740225,37.481182742132695,148.5955893076879,6.981620329518372
154,1540,390,0,151,239,4,1.351330136170476,1,3,677,483,53.22293198854941,20756.94347553427,5633.1596846608745,95.56475567723776,5,2048.706548715872,0.5337187181227545,37.38036196159713,148.38071401359602,6.966888158349894
156,1560,389,0,148,241,4,1.3484022467345798,2,3,679,486,53.489104562857655,20807.261674951627,5630.876177398513,97.20065479208918,5,2071.257618780686,0.5326216029384604,37.20442098403168,148.0413298649757,6.9505116695798534
158,1580,388,0,144,244,4,1.3440771294064784,3,4,682,490,53.631355094413934,20808.965776632605,5619.208196063364,98.83699668588322,5,2096.5487352134114,0.5315484413644507,37.00453156272524,147.56025559634733,6.9299202103455695
160,1600,387,0,140,247,4,1.3387727321156095,4,5,686,495,53.52460081027827,20714.020513577692,5590.350368092106,100.02623957137635,5,2124.65333999248,0.530500109391394,36.793361437497786,147.2460510679502,6.905728733298304
162,1620,383,0,133,250,4,1.3299803734216114,3,7,689,502,54.25373339838152,20779.179891580123,5565.749388958876,101.69622640763086,5,2147.5394144445672,0.5294774627422796,36.52454201185296,146.52869265391485,6.862117298832187
164,1640,380,0,129,251,4,1.3251512652800193,1,4,690,506,54.92363329399397,20870.98065171771,5559.304977365,103.58461766874363,5,2159.983131504036,0.5284813361739091,36.339606927837075,146.19424253577003,6.844763822627364
166,1660,383,0,128,255,4,1.3206116440560556,4,1,694,507,54.48763501211068,20868.76420963839,5571.694971031651,104.6620227522782,5,2164.041917736826,0.5275125427955134,36.25668797774148,146.00143641400996,6.832792437201665
168,1680,379,0,124,255,4,1.3166662721918263,1,5,695,512,55.223097680130294,20929.55402076938,5555.017801732017,106.77270373119393,5,2168.5559687209893,0.5265718734050304,36.059134551474166,145.57486106169117,6.8164868016835625
170,1700,379,0,120,259,4,1.308081874445872,4,4,699,516,55.09755787339747,20881.97443401764,5539.259442037272,107.77666151483503,5,2173.943153676727,0.5256600958436054,35.84191700594926,145.12771891268454,6.790667446243374
172,1720,374,0,113,261,4,1.2973431976480605,2,7,701,523,56.0699821771432,20970.173334251558,5517.112272446411,109.21859549230605,5,2173.8476256551876,0.5247779543688197,35.515101448785366,144.4070457658947,6.758300078223551
174,1740,375,0,112,263,4,1.294196426575382,2,1,703,524,55.83422947497535,20937.836053115756,5514.287204227663,110.70387923765986,5,2180.2306595131627,0.5239261690471758,35.462428297778864,144.1913186593985,6.748826206805707
176,1760,373,0,107,266,4,1.2830420301014422,3,5,706,529,56.03237879279997,20900.077289714387,5488.131783829971,111.87011987700382,5,2173.073008966013,0.5231054351663309,35.23829555058772,143.66499636867803,6.718450297847114
178,1780,370,0,103,267,4,1.2757725811746048,1,4,707,533,56.75632570047236,20999.840509174774,5483.031653738734,113.64582355168218,5,2167.9055121990023,0.5223164226675497,35.04198897265378,143.19828894537966,6.699521066023445
180,1800,371,0,103,268,4,1.2747089201540323,1,0,708,533,56.64328144817912,21014.65741727445,5490.040018601616,115.33545745046462,5,2139.45998822889,0.5215597755988531,35.01722740860909,143.18188013745566,6.696755780736303