sim_seconds,completed_trips_per_min,mean_travel_seconds,p95_travel_seconds,mean_delay_seconds,queued_vehicles,mean_speed_kmh,active_trips,completed_trips,failed_trips,transit_boardings,transit_arrivals,waiting_passengers,mean_transit_wait_seconds,bus_occupancy_percent,co2_proxy_kg,reroutes
5.000,0.000,0.000,0.000,0.000,1.000,19.800,4.000,0.000,0.000,0.000,0.000,2.000,2.400,0.000,0.015,0.000
10.000,0.000,0.000,0.000,0.000,0.000,27.470,9.000,0.000,0.000,0.000,0.000,6.000,3.750,0.000,0.107,0.000
15.000,0.000,0.000,0.000,0.000,0.000,28.950,14.000,0.000,0.000,0.000,0.000,7.000,7.343,0.000,0.262,0.000
20.000,0.000,0.000,0.000,0.000,0.000,38.467,19.000,0.000,0.000,0.000,0.000,11.000,7.664,0.000,0.466,0.000
25.000,0.000,0.000,0.000,0.000,0.000,34.475,24.000,0.000,0.000,0.000,0.000,14.000,9.007,0.000,0.699,0.000
30.000,0.000,0.000,0.000,0.000,0.000,32.186,29.000,0.000,0.000,0.000,0.000,17.000,10.176,0.000,0.986,0.000
35.000,1.000,25.500,25.500,7.500,1.000,29.530,33.000,1.000,0.000,0.000,0.000,20.000,11.150,0.000,1.311,0.000
40.000,1.000,25.500,25.500,7.500,2.000,26.858,38.000,1.000,0.000,0.000,0.000,20.000,13.650,0.000,1.705,0.000
45.000,2.000,26.800,28.100,4.975,4.000,28.613,42.000,2.000,0.000,0.000,0.000,21.000,15.381,0.000,2.137,0.000
50.000,2.000,26.800,28.100,4.975,4.000,29.859,47.000,2.000,0.000,2.000,0.000,22.000,13.773,2.381,2.673,0.000
55.000,3.000,28.200,31.000,7.650,6.000,28.972,51.000,3.000,0.000,2.000,0.000,24.000,15.075,2.381,3.278,0.000
60.000,6.000,30.917,55.000,6.092,6.000,27.861,53.000,6.000,0.000,2.000,0.000,28.000,15.239,2.381,3.910,0.000
65.000,6.000,30.917,55.000,6.092,5.000,29.887,58.000,6.000,0.000,2.000,0.000,30.000,16.553,2.381,4.579,0.000
70.000,7.000,30.514,55.000,5.571,5.000,27.793,62.000,7.000,0.000,2.000,0.000,32.000,17.912,2.381,5.311,0.000
75.000,9.000,34.178,73.600,8.778,5.000,27.247,65.000,9.000,0.000,2.000,0.000,36.000,18.272,2.381,6.070,0.000
80.000,10.000,36.930,73.600,8.940,4.000,25.705,69.000,10.000,0.000,2.000,0.000,37.000,20.211,2.381,6.856,0.000
85.000,10.000,36.930,73.600,8.940,11.000,23.606,74.000,10.000,0.000,2.000,0.000,40.000,20.945,2.381,7.696,0.000
90.000,10.000,36.930,73.600,8.940,8.000,25.966,79.000,10.000,0.000,2.000,0.000,41.000,22.629,2.381,8.610,0.000
95.000,11.000,39.217,73.600,9.472,11.000,25.310,82.000,12.000,0.000,5.000,0.000,40.000,22.222,3.968,9.608,0.000
100.000,12.000,42.008,75.500,12.972,14.000,25.133,86.000,13.000,0.000,8.000,1.000,39.000,22.000,5.556,10.628,0.000
105.000,12.000,42.429,75.500,12.896,11.000,22.714,90.000,14.000,0.000,8.000,1.000,41.000,22.000,5.556,11.729,0.000
110.000,12.000,42.429,75.500,12.896,15.000,23.207,95.000,14.000,0.000,8.000,1.000,44.000,22.000,5.556,12.896,0.000
115.000,11.000,42.429,75.500,12.896,14.000,23.401,100.000,14.000,0.000,8.000,1.000,48.000,22.000,5.556,14.124,0.000
120.000,11.000,42.782,75.500,13.628,16.000,24.139,102.000,17.000,0.000,8.000,1.000,49.000,22.000,5.556,15.362,0.000
125.000,11.000,42.782,75.500,13.628,16.000,22.118,107.000,17.000,0.000,8.000,1.000,50.000,22.000,5.556,16.675,0.000
130.000,10.000,42.782,75.500,13.628,22.000,20.369,112.000,17.000,0.000,8.000,1.000,55.000,22.000,5.556,18.024,0.000
135.000,10.000,47.300,123.600,15.809,13.000,20.475,115.000,19.000,0.000,8.000,1.000,58.000,22.000,5.556,19.373,0.000
140.000,11.000,50.186,107.800,16.804,26.000,20.239,118.000,21.000,0.000,10.000,1.000,57.000,22.000,5.357,20.728,0.000
145.000,11.000,50.186,107.800,16.804,17.000,21.560,123.000,21.000,0.000,10.000,1.000,60.000,22.000,5.357,22.176,0.000
150.000,12.000,49.709,107.800,16.209,12.000,23.215,127.000,22.000,0.000,10.000,1.000,62.000,22.000,5.357,23.745,0.000
155.000,13.000,59.220,128.800,22.036,16.000,23.738,129.000,25.000,0.000,10.000,1.000,65.000,22.000,5.357,25.327,0.000
160.000,16.000,63.897,128.800,26.351,22.000,22.111,130.000,29.000,0.000,12.000,2.000,65.000,28.500,5.357,26.960,0.000
165.000,16.000,66.097,129.900,27.151,24.000,20.025,134.000,30.000,0.000,12.000,2.000,68.000,28.500,5.357,28.617,0.000
170.000,17.000,66.523,129.900,27.590,26.000,18.838,138.000,31.000,0.000,13.000,2.000,69.000,28.500,5.952,30.369,1.000
175.000,17.000,66.523,129.900,27.590,24.000,19.938,143.000,31.000,0.000,13.000,2.000,72.000,28.500,5.952,32.182,1.000
180.000,17.000,68.768,129.900,28.061,25.000,19.800,145.000,34.000,0.000,13.000,2.000,75.000,28.500,5.952,34.083,1.000
180.000,17.000,68.768,129.900,28.061,25.000,19.800,145.000,34.000,0.000,13.000,2.000,75.000,28.500,5.952,34.083,1.000
181.700,17.000,68.768,129.900,28.061,27.000,19.071,147.000,34.000,0.000,16.000,2.000,72.000,28.500,6.190,34.743,1.000
185.000,17.000,68.768,129.900,28.061,15.000,20.326,148.000,34.000,2.000,16.000,2.000,73.000,28.500,6.190,35.971,10.000
190.000,18.000,69.617,129.900,27.875,23.000,19.036,152.000,35.000,2.000,16.000,2.000,75.000,28.500,6.190,37.927,10.000
195.000,17.000,70.381,129.900,28.086,21.000,21.402,154.000,36.000,4.000,16.000,2.000,78.000,28.500,6.190,39.991,10.000
200.000,17.000,72.824,140.200,29.039,15.000,22.373,157.000,38.000,4.000,16.000,2.000,83.000,28.500,6.190,42.034,11.000
205.000,21.000,73.419,129.900,29.463,16.000,22.446,158.000,42.000,4.000,25.000,2.000,75.000,28.500,9.524,44.003,12.000
210.000,21.000,73.784,129.900,29.238,20.000,21.913,162.000,43.000,4.000,29.000,2.000,75.000,28.500,11.429,45.897,12.000
215.000,18.000,73.784,129.900,29.238,22.000,19.548,167.000,43.000,4.000,29.000,2.000,78.000,28.500,11.429,47.839,12.000
220.000,14.000,73.784,129.900,29.238,25.000,18.748,172.000,43.000,4.000,30.000,2.000,79.000,28.500,11.429,49.854,12.000
225.000,14.000,75.186,135.500,29.902,27.000,19.655,176.000,44.000,4.000,30.000,2.000,83.000,28.500,11.429,51.918,12.000
230.000,18.000,75.743,135.500,29.472,22.000,19.712,176.000,49.000,4.000,33.000,2.000,83.000,28.500,10.714,54.004,12.000
235.000,19.000,75.568,135.500,29.452,17.000,21.045,180.000,50.000,4.000,33.000,2.000,85.000,28.500,10.714,56.067,12.000
240.000,17.000,77.535,140.200,30.462,18.000,21.312,184.000,51.000,4.000,33.000,2.000,86.000,28.500,10.714,58.177,12.000
245.000,19.000,80.772,153.800,31.745,17.000,22.388,187.000,53.000,4.000,33.000,2.000,87.000,28.500,10.714,60.365,12.000
250.000,18.000,80.772,153.800,31.745,18.000,22.484,192.000,53.000,4.000,33.000,2.000,88.000,28.500,10.714,62.646,12.000
255.000,19.000,83.593,175.900,33.690,22.000,23.830,195.000,55.000,4.000,33.000,2.000,91.000,28.500,10.714,64.982,12.000
260.000,18.000,82.464,175.900,33.131,26.000,22.248,199.000,56.000,4.000,33.000,2.000,95.000,28.500,10.714,67.367,12.000
264.600,15.000,83.181,175.900,33.316,27.000,22.336,203.000,57.000,4.000,37.000,2.000,94.000,28.500,12.302,69.551,12.000
264.600,15.000,83.181,175.900,33.316,27.000,22.336,203.000,57.000,4.000,37.000,2.000,94.000,28.500,12.302,69.551,12.000
264.600,15.000,83.181,175.900,33.316,27.000,22.336,203.000,57.000,4.000,37.000,2.000,94.000,28.500,12.302,69.551,12.000
265.000,15.000,83.181,175.900,33.316,27.000,22.374,203.000,57.000,4.000,37.000,2.000,94.000,28.500,12.302,69.741,12.000
265.600,16.000,82.347,175.900,32.899,30.000,21.552,203.000,58.000,4.000,37.000,2.000,94.000,28.500,12.302,70.023,12.000
265.600,16.000,82.347,175.900,32.899,30.000,21.552,203.000,58.000,4.000,37.000,2.000,94.000,28.500,12.302,70.023,12.000
265.600,16.000,82.347,175.900,32.899,30.000,21.552,203.000,58.000,4.000,37.000,2.000,94.000,28.500,12.302,70.023,12.000
265.600,16.000,82.347,175.900,32.899,30.000,21.552,203.000,58.000,4.000,37.000,2.000,94.000,28.500,12.302,70.023,12.000
265.600,16.000,82.347,175.900,32.899,30.000,21.552,203.000,58.000,4.000,37.000,2.000,94.000,28.500,12.302,70.023,12.000
265.600,16.000,82.347,175.900,32.899,30.000,21.552,203.000,58.000,4.000,37.000,2.000,94.000,28.500,12.302,70.023,12.000
265.600,16.000,82.347,175.900,32.899,30.000,21.552,203.000,58.000,4.000,37.000,2.000,94.000,28.500,12.302,70.023,12.000
270.000,16.000,84.217,185.100,33.867,31.000,20.300,206.000,59.000,4.000,37.000,2.000,95.000,28.500,12.302,72.143,12.000
275.000,19.000,86.495,175.900,35.809,39.000,18.156,208.000,62.000,4.000,44.000,2.000,92.000,28.500,12.925,74.614,12.000
280.000,21.000,85.469,175.900,35.163,38.000,15.913,211.000,64.000,4.000,44.000,2.000,95.000,28.500,12.925,77.078,12.000
285.000,24.000,87.185,175.900,35.423,30.000,17.006,212.000,68.000,4.000,44.000,2.000,97.000,28.500,12.925,79.527,12.000
290.000,20.000,88.117,175.900,36.101,33.000,16.145,216.000,69.000,4.000,44.000,2.000,98.000,28.500,12.925,82.022,12.000
295.000,19.000,88.117,175.900,36.101,35.000,16.910,221.000,69.000,4.000,44.000,2.000,101.000,28.500,12.925,84.573,12.000
300.000,18.000,88.117,175.900,36.101,43.000,16.429,226.000,69.000,4.000,44.000,2.000,105.000,28.500,12.925,87.150,12.000
304.000,18.000,89.673,185.100,38.146,32.000,17.473,228.000,71.000,4.000,44.000,3.000,108.000,32.333,12.925,89.193,12.000
304.000,18.000,89.673,185.100,38.146,32.000,17.473,228.000,71.000,4.000,44.000,3.000,108.000,32.333,12.925,89.193,12.000
304.000,18.000,89.673,185.100,38.146,32.000,17.473,228.000,71.000,4.000,44.000,3.000,108.000,32.333,12.925,89.193,12.000
304.000,18.000,89.673,185.100,38.146,32.000,17.524,226.000,71.000,6.000,44.000,3.000,108.000,32.333,12.925,89.193,12.000
304.000,18.000,89.673,185.100,38.146,32.000,17.524,226.000,71.000,6.000,44.000,3.000,108.000,32.333,12.925,89.193,12.000
304.000,18.000,89.673,185.100,38.146,32.000,17.524,226.000,71.000,6.000,44.000,3.000,108.000,32.333,12.925,89.193,12.000
304.000,18.000,89.673,185.100,38.146,32.000,17.524,226.000,71.000,6.000,44.000,3.000,108.000,32.333,12.925,89.193,12.000
304.000,18.000,89.673,185.100,38.146,32.000,17.524,226.000,71.000,6.000,44.000,3.000,108.000,32.333,12.925,89.193,12.000
305.000,18.000,89.673,185.100,38.146,34.000,16.733,227.000,71.000,6.000,44.000,3.000,108.000,32.333,10.888,89.697,12.000
310.000,21.000,95.318,198.500,41.960,39.000,16.357,229.000,74.000,6.000,49.000,3.000,104.000,32.333,12.321,92.254,12.000
315.000,24.000,94.477,198.500,41.184,37.000,15.634,229.000,79.000,6.000,49.000,3.000,106.000,32.333,12.321,94.761,12.000
320.000,26.000,92.194,192.700,40.098,36.000,16.187,231.000,82.000,6.000,55.000,3.000,104.000,32.333,10.987,97.269,12.000
325.000,26.000,92.766,192.700,40.062,30.000,19.129,235.000,83.000,6.000,55.000,3.000,105.000,32.333,10.987,99.880,12.000
330.000,28.000,95.061,198.500,42.095,39.000,17.601,236.000,87.000,6.000,55.000,3.000,107.000,32.333,10.987,102.578,12.000
335.000,31.000,97.344,204.000,43.932,41.000,15.587,235.000,93.000,6.000,55.000,3.000,109.000,32.333,9.780,105.196,12.000
340.000,32.000,99.729,204.000,45.712,39.000,16.061,237.000,96.000,6.000,55.000,3.000,110.000,32.333,9.780,107.834,12.000
345.000,29.000,101.970,236.900,47.504,39.000,17.618,241.000,97.000,6.000,55.000,3.000,113.000,32.333,9.780,110.514,12.000
350.000,29.000,101.578,236.900,47.091,35.000,17.615,245.000,98.000,6.000,61.000,3.000,112.000,32.333,9.173,113.126,12.000
355.000,31.000,103.523,236.900,48.175,32.000,17.894,248.000,100.000,6.000,61.000,3.000,113.000,32.333,9.173,115.735,12.000
360.000,38.000,102.093,210.000,47.319,29.000,16.817,246.000,107.000,6.000,61.000,3.000,116.000,32.333,9.173,118.268,12.000
365.000,39.000,106.235,251.900,51.484,38.000,16.162,248.000,110.000,6.000,70.000,5.000,109.000,30.209,8.423,120.756,12.000
370.000,39.000,107.338,267.200,52.178,31.000,16.928,250.000,113.000,6.000,70.000,5.000,110.000,30.209,8.423,123.377,12.000
375.000,36.000,108.258,267.200,52.742,32.000,18.422,253.000,115.000,6.000,70.000,5.000,113.000,30.209,8.423,126.067,12.000
380.000,36.000,109.564,283.200,54.153,40.000,16.478,255.000,118.000,6.000,70.000,5.000,116.000,30.209,7.768,128.823,12.000
385.000,36.000,111.241,293.000,55.778,41.000,15.697,259.000,119.000,6.000,77.000,6.000,110.000,29.740,8.333,131.658,12.000
390.000,35.000,112.377,283.200,56.679,43.000,15.260,261.000,122.000,6.000,77.000,6.000,112.000,29.740,8.333,134.489,12.000
395.000,33.000,112.686,283.200,56.696,43.000,15.278,262.000,126.000,6.000,77.000,6.000,114.000,29.740,7.733,137.363,12.000
400.000,31.000,112.072,283.200,56.322,37.000,16.707,266.000,127.000,6.000,77.000,6.000,118.000,29.740,7.733,140.247,12.000
405.000,31.000,111.396,283.200,55.941,46.000,15.748,270.000,128.000,6.000,77.000,6.000,121.000,29.740,7.733,143.132,12.000
410.000,33.000,114.585,297.500,59.244,43.000,16.837,272.000,131.000,6.000,87.000,7.000,112.000,29.978,8.023,146.050,12.000
415.000,34.000,115.424,297.500,59.866,36.000,17.978,274.000,134.000,6.000,91.000,7.000,111.000,29.978,8.256,149.023,12.000
420.000,31.000,115.633,297.500,60.384,33.000,16.511,275.000,138.000,6.000,91.000,7.000,113.000,29.978,8.256,151.952,12.000
425.000,33.000,119.385,298.200,63.680,38.000,16.839,275.000,143.000,6.000,94.000,9.000,114.000,30.694,7.650,154.816,12.000
430.000,30.000,119.385,298.200,63.680,39.000,16.590,280.000,143.000,6.000,94.000,9.000,117.000,30.694,7.650,157.756,12.000
435.000,31.000,118.784,298.200,63.749,34.000,16.506,282.000,146.000,6.000,94.000,9.000,118.000,30.694,7.650,160.800,13.000
440.000,29.000,118.350,298.200,63.391,34.000,16.933,286.000,147.000,6.000,128.000,9.000,86.000,30.694,10.515,163.860,13.000
445.000,29.000,119.637,306.100,64.409,42.000,16.659,290.000,148.000,6.000,128.000,9.000,87.000,30.694,10.515,167.001,13.000
450.000,31.000,122.321,308.900,66.716,43.000,17.677,290.000,153.000,6.000,128.000,10.000,89.000,37.115,10.515,170.156,13.000
455.000,29.000,121.755,308.900,66.188,42.000,17.343,293.000,155.000,6.000,137.000,10.000,83.000,37.115,10.309,173.285,13.000
460.000,30.000,124.082,309.200,67.981,48.000,16.971,296.000,157.000,6.000,137.000,10.000,84.000,37.115,10.309,176.429,13.000
465.000,29.000,124.082,309.200,67.981,45.000,17.033,301.000,157.000,6.000,137.000,10.000,86.000,37.115,10.309,179.764,13.000
470.000,27.000,123.517,309.200,67.608,44.000,18.002,305.000,158.000,6.000,138.000,10.000,86.000,37.115,9.893,183.252,13.000
475.000,32.000,126.816,309.200,70.292,47.000,16.185,302.000,166.000,6.000,147.000,12.000,79.000,33.149,10.250,186.783,13.000
480.000,31.000,127.186,309.200,69.919,44.000,16.455,304.000,169.000,6.000,147.000,12.000,82.000,33.149,10.250,190.156,13.000
485.000,30.000,129.868,317.100,72.514,40.000,17.168,305.000,173.000,6.000,148.000,14.000,84.000,58.407,9.346,193.545,13.000